{"cameraMode":{"drawMode":0,"name":"Shaded","section":"Shading Mode"},"sceneLighting":false,"audioPlay":false,"sceneViewState":{"showFog":true,"showMaterialUpdate":false,"showSkybox":false,"showFlares":true,"showImageEffects":true,"showParticleSystems":true},"in2DMode":false,"pivot":{"x":-9.751174926757813,"y":0.8168163299560547,"z":-13.67805290222168},"rotation":{"x":-0.1313425600528717,"y":0.6431565284729004,"z":-0.11325742304325104,"w":-0.745853066444397},"size":0.8660253882408142,"orthographic":false}