{"cameraMode":{"drawMode":0,"name":"Shaded","section":"Shading Mode"},"sceneLighting":false,"audioPlay":false,"sceneViewState":{"showFog":true,"showMaterialUpdate":false,"showSkybox":false,"showFlares":true,"showImageEffects":true,"showParticleSystems":true},"in2DMode":false,"pivot":{"x":-3.166496753692627e-8,"y":0.0,"z":0.07500000298023224},"rotation":{"x":0.04969492927193642,"y":0.6745932698249817,"z":-0.045604407787323,"w":0.7351038455963135},"size":0.14361409842967988,"orthographic":false}