{"cameraMode":{"drawMode":0,"name":"Shaded","section":"Shading Mode"},"sceneLighting":false,"audioPlay":false,"sceneViewState":{"showFog":true,"showMaterialUpdate":false,"showSkybox":false,"showFlares":true,"showImageEffects":true,"showParticleSystems":true},"in2DMode":false,"pivot":{"x":-0.7023367881774902,"y":-0.2826273441314697,"z":-0.4414752125740051},"rotation":{"x":-0.1382961869239807,"y":0.6882386207580566,"z":-0.13615502417087556,"w":-0.6990602612495422},"size":0.8660253882408142,"orthographic":false}